alpha,url
0.015,https://newt.carraracom.repl.co/
0.015,http://crediyande.temp.swtest.ru/postale/new%20scam%20postale/
0.015,http://www.blacksoftworld.com
0.015,https://www.cseindia.org
0.015,https://www.entorno-digital.com
0.015,http://www.kueronekayaeatn-co-jp.kueroaakayacoto.mibsyz.top/ai/
0.015,http://www.ie.n502.com
0.015,https://www.roads.org.uk
0.015,http://www.aackj7.cc
0.015,http://www.ws1.stati.bid
0.015,http://www.hermanni.ga
0.015,https://www.cookiesbybess.com
0.015,http://www.colis-dhl.com
0.015,https://www.arkkihiippakunta.fi
0.015,https://dev-wep-hacete-provi.pantheonsite.io/
0.015,https://www.mappa-mercia.org
0.015,https://www.paulfredrick.com
0.015,https://www.hopperapp.com
0.015,https://www.mediavine.com
0.015,https://aol-106853.weeblysite.com/
0.015,https://www.karolyi.org.hu
0.015,http://www.el-bayan.com
0.015,https://www.globalmetal.company
0.015,https://ollx.085121552.xyz/cebar6jw/gbdq1e/8
0.015,https://fleek.ipfs.io/ipfs/qmuccndk8chxx61zvbhofj6jg1st4k8fs6kptnswbixx61/mail.html
0.015,https://www.vivafifty.com
0.015,http://www.eshharart.net
0.015,https://www.giantitp.com
0.015,https://cloudflare-ipfs.com/ipfs/qmwcmh6jufeqixel8tpbtsv5qbjwhamqhpwawu3gndubfu/
0.015,https://www.secondstate.io
0.015,http://www.f4eb71ec6688bb06773134031ece947a51.ws
0.015,https://ascc-c009f.web.app/
0.015,https://www.polnes.ac.id
0.015,https://www.leukmetkids.nl
0.015,https://redundantnumbdatabase.yaahoosegurif.repl.co
0.015,https://www.chicagogallerynews.com
0.015,https://www.scaffeye.de
0.015,https://www.zttaat.com
0.015,http://trusted-victorious-flax.glitch.me/
0.015,https://www.indianz.com
0.015,https://www.dba.dk
0.015,https://www.homeplace.in
0.015,https://www.hampton.gov
0.015,http://www.world-store.de
0.015,https://www.bestsize.com.br
0.015,http://www.automobile.200gigs.com
0.015,https://www.dependencytrack.org
0.015,http://www.nangngucsiam.com
0.015,https://e-mail-service-update.weeblysite.com/
0.015,https://attyah00-105122.square.site/
0.015,https://www.iwate-u.ac.jp
0.015,http://www.sticker.fburl.fun
0.015,http://ce56523.tw1.ru/e-t-sfr.sms/confirmation.html
0.015,https://testgali.google0010.repl.co/
0.015,https://aol-mail-106345.weeblysite.com/
0.015,https://www.kuer.org
0.015,https://www.merchantvilleschool.org
0.015,http://www.sheypor-ir.ga
0.015,http://www.news-alert.org
0.015,http://www.cashyinvestment.org
0.015,https://jposdnu.com/
0.015,https://www.shardanandshastri.com
0.015,https://thedoughhook.tk/wp-content/sa/home
0.015,https://www.adventisthealth.org
0.015,https://bit.ly/3igmcab
0.015,https://www.zophar.net
0.015,https://loginusrobinhod.mystrikingly.com/
0.015,http://www.mko.busketball.com
0.015,http://www.68.vip810.com
0.015,http://www.velvogin.com.br
0.015,https://spiritedindigohypermedia.bacddomaticf.repl.co
0.015,https://www.healthyplace.com
0.015,https://sbf-8fi.firebaseapp.com/
0.015,https://docs.google.com/presentation/d/e/2pacx-1vrpahi2ri6ovz6eun9nmdyvxyen0na9v3_qjmcq-kwctc4lqjkedcbeyf4doyfx5urafpn8mu6hcrnj/pub?start=false&loop=false&delayms=3000
0.015,https://espacepropostalinsec.firebaseapp.com/
0.015,https://www.imadjackkaram.com
0.015,https://blog.liknot.ru/wp-content/bb/update/
0.015,https://www.madrid-open.com
0.015,https://anfrage-freischalten.online
0.015,https://www.knowledgegraph.tech
0.015,https://www.manasquanschools.org
0.015,http://www.viaggidafare.com
0.015,https://www.malvernhills.org.uk
0.015,https://www.theindependent.in
0.015,https://consultainmediata-promobcredimas.com/
0.015,https://tatita-98f52.web.app/
0.015,https://www.call2recycle.org
0.015,https://www.westernfolklife.org
0.015,https://www.arunjaitley.com
0.015,https://www.itd-italia.com
0.015,https://meiko-dot-sharefilexxproject365.uk.r.appspot.com/
0.015,https://www.sommilmuseum.org.uk
0.015,https://www.cku.org.cn
0.015,https://www.angelisland.com
0.015,https://www.lankanewspapers.com
0.015,http://cake-political-appeal.glitch.me/index.html
0.015,http://www.gr8name.biz
0.015,https://www.chicagoguncase.com
0.015,https://desired-optweions.yourtrap.com/
0.015,https://www.curtisswright.com
0.015,https://cfarbosa.com/www.bper.it/
0.015,https://www.tehrantimes.com
0.015,http://organisasi.bulungan.go.id/public/rui5ulpytr4ueexaf75eqvwtpo8iefc7
0.015,https://www.didnergerge.se
0.015,https://www.brcus.org
0.015,https://www.digireceptie.nl
0.015,https://www.worldfishingnetwork.com
0.015,https://www.mytime-sheet.com
0.015,https://casatuaresidencesmiami.com/payment/odrivex%203/
0.015,https://www.maison123.com
0.015,https://www.forneymuseum.org
0.015,https://www.amy-movie.com
0.015,https://www.homecuresthatwork.com
0.015,https://www.ihgb.org.br
0.015,https://www.osc-ortho.com
0.015,https://www.spectrum.niaaa.nih.gov
0.015,http://good-of-ukrainian.com.ua
0.015,https://www.lifeflight.org.nz
0.015,https://camelotents.com/ibg/client/ispc.php
0.015,https://www.tarinika.com
0.015,https://www.palatinate.org.uk
0.015,https://www.barbicanliving.co.uk
0.015,https://www.pherson.org
0.015,https://www.ireland-fun-facts.com
0.015,https://www.953mnc.com
0.015,http://www.da3da3.duckdns.org
0.015,https://solucaocleanrp.com.br/flixx/s/a/session_index
0.015,https://www.kepco.co.jp
0.015,http://www.esscer47emonyno.rr.nu
0.015,https://www.aksport.ru
0.015,https://www.gartnerstudios.com
0.015,http://www.lasvegastravelcompany.com
0.015,https://www.bath-preservation-trust.org.uk
0.015,https://www.hiddenlives.org.uk
0.015,https://bunlorad.firebaseapp.com/
0.015,http://www.v4.windowsupdate.itsaol.com
0.015,https://aol-109043.weeblysite.com/
0.015,https://www.lawyersnjurists.com
0.015,https://relationmutuel2023.firebaseapp.com/
0.015,https://www.villamedici.it
0.015,https://gelldsegen.xyz/amg
0.015,https://www.nottinghaminsight.org.uk
0.015,https://www.childrensmn.org
0.015,https://www.pressm.kr
0.015,https://www.acalisa.org
0.015,https://www.libbymt.com
0.015,http://www.hypnotic-disco-shake.glitch.me
0.015,https://www.tokaiwalk.jp
0.015,http://www.ir-ista100.ga
0.015,https://aol-104113.weeblysite.com/
0.015,https://www.digitalpostproduction.com
0.015,https://grp02-id-rakute.co.jp.shanyuhai.cn/
0.015,https://docs.google.com/presentation/d/e/2pacx-1vskxwdospkjtycvytgwqh2afjohqw9htgvq1trns-l12jho3igaoxto7t9he6u9rby7y6btkzvjl6da/pub?start=false&loop=false&delayms=3000&slide=id.p
0.015,https://www.freepik.es
0.015,https://dutsh-helppackage.ecranul.ro/public/svkvlmezblwigetvrursh6mej4wozpqw
0.015,https://cloudflare-ipfs.com/ipfs/bafybeid24of7rxeri745nfznxdwzzxq764pkapwtgqbffygb6e3tvec6ca
0.015,https://karenxxxxxxxxxx71.web.app/
0.015,https://tellyboyspfastinc.top/4gdy6ehet6edgde-bin/ned_payment/new_internet-profile.html
0.015,https://aol-104617.weeblysite.com/
0.015,https://www.powertex-stoneart.de
0.015,https://www.cocktail.uk.com
0.015,http://www.exitocorp.com
0.015,https://onboardingfew.web.app/
0.015,https://www.kwassui.ac.jp
0.015,https://abgegypt.com/dk
0.015,https://www.jaymespaper.com
0.015,https://www.festmir.ru
0.015,https://www.horticulture.org.uk
0.015,https://www.olimex.com
0.015,https://www.amiutrani.net
0.015,https://www.wienerberger.at
0.015,https://facebook-help-2020745836912020.firebaseapp.com/
0.015,https://www.3115tt.me
0.015,http://www.balanzaseconomicas.com
0.015,https://mobilepay-ld.firebaseapp.com/
0.015,http://www.capitalcomputer.com
0.015,https://www.emilycreative.co
0.015,https://www.noorderzon.nl
0.015,https://www.3lmnytech.com
0.015,https://www.iis.nsk.su
0.015,https://www.criollosperuanos.com
0.015,https://www.airpilots.org
0.015,https://www.hmb.utoronto.ca
0.015,https://my-securedoc-comptashield.vercel.app/
0.015,https://www.ucdenver.edu
0.015,http://www.fafu-kenya.org
0.015,https://www.aul.edu.ng
0.015,https://demo2.cloudwp.dev/trial-8t4x5ttx/novllr/esm/recibir_paquete.php
0.015,https://unsteadywryinverse--us98769.repl.co/
0.015,https://www.techstage.de
0.015,http://nnubaavje2.temp.swtest.ru/www.sfr.fr-login-return_url/index.html
0.015,https://www.viasweat.com
0.015,https://www.gameosity.com
0.015,https://www.saintelyon.com
0.015,https://www.perlahall.com
0.015,https://www.nuffic.nl
0.015,https://aol-104330.weeblysite.com/
0.015,https://www.tulsicrafts.nl
0.015,https://ee.csexchanges.com/
0.015,https://www.bowerypresents.com
0.015,https://sonecrepso.firebaseapp.com/
0.015,https://www.yellowtailwine.com
0.015,http://www.sellanews.com
0.015,http://www.sbi.mx/page/41/786/myaccount/
0.015,https://okueur.webwave.dev/
0.015,https://www.creationsdebelle.com
0.015,https://tensacarref.firebaseapp.com/
0.015,https://www.sfartscommission.org
0.015,https://www.eadi.org
0.015,https://www.littlechapel.com
0.015,https://www.athropolis.com
0.015,https://www.taskforce.org
0.015,https://www.bibleget.io
0.015,https://www.brit-mila.net
0.015,https://www.kurtzcompany.com
0.015,https://www.norsk-stor.com
0.015,https://www.decitre.fr
0.015,https://www.hits1.co.uk
0.015,https://ucsclean.myportfolio.com/
0.015,https://www.mushroomthejournal.com
0.015,https://www.cpaireland.ie
0.015,https://web-65c68.firebaseapp.com/
0.015,https://www.ecosdelcombeima.com
0.015,https://www.morgandetoi.fr
0.015,https://bnp-paribas-fortis-be.web.app/
0.015,https://cf-ipfs.com/ipfs/qmf92frsdoupqdwepuvbbxwhb6qakzkyhcg5cbnzxkux7d
0.015,https://www.prosafe.rs
0.015,https://www.imperial-studio.ru
0.015,https://www.experimentarium.dk
0.015,http://www.r.baalejibreel.com
0.015,https://bancodebogota22.webcindario.com/
0.015,https://www.boothamschool.com
0.015,https://www.missinglinkelectronics.com
0.015,https://www.editoracrv.com.br
0.015,https://www.carris.pt
0.015,https://www.sfi.ie
0.015,http://amelicontact.org/
0.015,https://www.allerleikreatives.at
0.015,http://www.saciscancsaascnn.ntjsqn.top/ai/login.php
0.015,https://predesigned-037-12810.gr-site.com/
0.015,https://www.kangaroopaints.com
0.015,https://vinted-pl-gj32d.bioxyn.top/money/59613291
0.015,https://roamingthing.com/ibg/client/l_home_s.php
0.015,https://www.getbalance.co.nz
0.015,http://multidappsnode.netlify.app
0.015,http://www.en.crypto-webminer.com
0.015,https://www.beneficialstatebank.com
0.015,https://www.gippslandtimes.com.au
0.015,https://www.dissentmagazine.org
0.015,https://www.mikedelgado.org
0.015,https://www.arlenethornton.com
0.015,https://www.culinarylion.com
0.015,https://www.mytoapartments.sk/wp-content/uploads/nism.rmc/ncnde.php
0.015,https://business-page-violation9631.web.app/
0.015,http://www.keebleral.cf
0.015,https://www.moondancebotanicals.com
0.015,https://www.hayabusa2.jaxa.jp
0.015,https://www.litmos.com
0.015,https://www.scandinaviastandard.com
0.015,https://www.thechickenbawks.com
0.015,https://www.newrpg.com
0.015,https://www.pmadata.org
0.015,https://www.lanrf.fr
0.015,https://www.finchmagician.com
0.015,https://metasupport100048912568.firebaseapp.com/
0.015,https://www.blog.hnf.de
0.015,https://www.jcvignoli.com
0.015,http://www.onlynova.org
0.015,https://www.floristofriverside.com
0.015,https://www.smallbizgenius.net
0.015,https://gateway.ipfs.io/ipfs/bafybeibe5v6ozaod4og5zu6o7kuxd7h7kflzlevtqbkagdx7hopcpwhcha
0.015,https://www.jxlib.org
0.015,https://www.janethornley.com
0.015,https://www.catsmeow.com
0.015,https://www.romlit.ro
0.015,https://www.can-newsletter.org
0.015,https://www.talaveradelaluz.com
0.015,"https://www.kamtex.shop/,./office-fud/"
0.015,https://www.delightfulspots.de
0.015,https://www.patreondevelopers.com
0.015,https://www.urait.ru
0.015,https://home-1496a.firebaseapp.com/
0.015,https://www.hud.govt.nz
0.015,http://www.suxjweyfs.cf
0.015,https://www.olten.ch
0.015,https://www.novoprolabs.com
0.015,https://www.kreiszeitung.de
0.015,https://www.ortak.co.uk
0.015,https://www.culturenorthindia.com
0.015,https://www.thewbros.com
0.015,http://celogain.com
0.015,http://www.game-server.cc
0.015,https://www.webcluesglobal.com
0.015,https://www.internetworldstats.com
0.015,http://www.gloyakata.ml
0.015,https://www.coppercountry.com
0.015,http://www.crabbier-airports.000webhostapp.com
0.015,https://www.lib-web.org
0.015,https://www.vtwonen.nl
0.015,https://hd13-kg4.web.app/
0.015,https://dev-64vnfff.pantheonsite.io/
0.015,https://ahmail.godaddysites.com/yahoo-mail
0.015,https://bt-106022.weeblysite.com/
0.015,http://www.sanygroup.co.uk
0.015,http://www.quocphong.ministop14.com
0.015,https://www.scidraw.io
0.015,https://www.roll-of-honour.org.uk
0.015,https://yahoo-105880.weeblysite.com/
0.015,http://accedi-ora-it.67-223-117-171.cprapid.com/
0.015,http://www.bpm-ir.ml
0.015,https://www.eszperanto.hu
0.015,https://www.jimmieangel.org
0.015,https://www.usconnect.biz
0.015,https://www.californiaherps.com
0.015,https://www.graceland.com
0.015,https://www.stubbleandstrife.com
0.015,http://www.atrezzos.beneficiosparaempleados.com
0.015,https://yarognev.sineed.pl/aiiegro/email@example.com
0.015,https://www.bfbs.com
0.015,https://att-108666.weeblysite.com/
0.015,https://www.nc-planica.si
0.015,https://www.learnui.design
0.015,https://www.sxyyc.net
0.015,https://www.asthmacommunitynetwork.org
0.015,https://www.cendananews.com
0.015,https://bnb-baker.org/earning.html?utm_source=bnb_1&amp;utm_medium=staking_bnb&amp;utm_campaign=1
0.015,https://www.visualsoft.co.uk
0.015,https://www.titansurvival.com
0.015,http://uphonl-logim.godaddysites.com/
0.015,https://www.mtwilson.edu
0.015,https://bafybeibgucf7zhtxuihjhlvjprarigx346awv6syuxu66eesbuurvhmrce.ipfs.dweb.link/
0.015,http://www.indoprogress.co
0.015,https://maildinshaakckjnw302.web.app/
0.015,http://www.mysq1.net
0.015,https://www.conejo.com
0.015,https://www.bombstat.com
0.015,https://php-web-server.pldeplos.repl.co
0.015,https://www.hyperrealism.eu
0.015,https://www.woodworks.org
0.015,http://www.wrecf.nowurl.fun
0.015,https://www.nbcrightnow.com
0.015,http://www.telagram.cf
0.015,https://www.hdfury.com
0.015,https://www.flux.utah.edu
0.015,https://mail-104332.weeblysite.com/
0.015,https://www.tiawolff.com
0.015,http://www.arbitrum.party
0.015,http://www.agrokad.ru
0.015,https://www.edgeir.com
0.015,https://www.bernardcannabiscenter.com
0.015,https://www.kortext.com
0.015,https://www.heraldsun.com
0.015,https://www.earthyfeast.com
0.015,http://www.sparechange.io
0.015,https://long-mountain-ad58.exkuqtj.workers.dev/
0.015,https://www.online-therapy.com
0.015,https://phantom-wallet.zendesk.com/agent/tickets/40390
0.015,https://att-102908.weeblysite.com/
0.015,http://www.s.xbvmv.com
0.015,https://www.emercury.net
0.015,https://www.ama.com.au
0.015,https://www.bromptonoratory.co.uk
0.015,https://www.anorakzone.com
0.015,https://fleek.ipfs.io/ipfs/qmrgko4jp259s3exqa1hicv7mluhdklf7ptm3ykfbmf5me/
0.015,https://trapezaethniki86.godaddysites.com/
0.015,http://44ff4c43-3a41-44c9-a200-9cd88c280e10.id.repl.co/
0.015,https://www.distriartisan.fr
0.015,http://connectxauthenticated.com
0.015,https://ipfs.litnet.work/ipfs/bafybeidhkcsx3mtqtvkbnmefitr6fb6yjnv7etufsw2nqje2bvfpmnbgoe//aaaaaccccw.html
0.015,https://www.faasafety.gov
0.015,https://www.stanfordgolfcourse.com
0.015,http://www.kartacnictvi.cz
0.015,https://www.ktronicslc.com
0.015,https://sxmjub.webwave.dev/
0.015,https://www.eurofer.eu
0.015,http://www.euroreport24.com
0.015,https://www.gillgatfield.com
0.015,https://att-106010.weeblysite.com/
0.015,https://www.pioneerspost.com
0.015,https://www.ridealto.com
0.015,https://dhlexpresse-qa.com/public/bb5qwzzkcnmtratrugdakemypl0azs96
0.015,https://www.k2bindia.com
0.015,https://www.orchidsnewguinea.com
0.015,https://www.greendiamond.com
0.015,https://www.qldathletics.org.au
0.015,http://www.hotfixmsupload.com
0.015,https://www.travelinghaiti.com
0.015,https://ygus2ajvj5sq4dovi4r2k75lc44oqyjfoyfi2mb3rstktc7ho2ua.arweave.net/waktatvpzq4n1ucjpx-rfzjoysv2co0wo4ymqyvndqg
0.015,https://id-review-case-10004285.web.app/
0.015,https://www.ilovepdf.com
0.015,https://os1-0utlookfolders-drive.firebaseapp.com/
0.015,https://www.riverhoodrentals.com
0.015,https://www.realcajunrecipes.com
0.015,https://connection-orangebank-certicode.derlma.com/8345297/
0.015,https://www.alistaircarmichael.co.uk
0.015,http://www.byethost.com
0.015,https://www.homeaccentstoday.com
0.015,https://www.newlonghairstyles.com
0.015,http://www.cleaningbusinessinstitute.com
0.015,http://www.latam-i.cloud/expire/index2.html
0.015,https://www.ufo-contact.com
0.015,http://www.somanap.com
0.015,https://ipfs.io/ipfs/bafkreidvzjppdpim77hujltox6nogv7l3rmlti2wqs3obde6s6t4ekzraa
0.015,https://www.prisonconnect.us
0.015,http://www.facefuture.us
0.015,https://www.lacedgems.com
0.015,https://pa-2mi.web.app/
0.015,https://www.press.jhu.edu
0.015,https://www.north-harris.org
0.015,https://www.sofarocean.com
0.015,http://www.streamsfilms.com
0.015,https://newadit-2f9f7.firebaseapp.com/
0.015,https://www.floortechtimberfloors.com.au
0.015,https://www.javadude.com
0.015,http://www.kingdomrealityministries.org
0.015,https://www.micron.com
0.015,https://www.mindbutik.com
0.015,https://www.chimica.unipd.it
0.015,https://www.nwrfca.org.uk
0.015,https://www.epilepsybehavior.com
0.015,https://www.stevewinick.com
0.015,https://www.pa.org.mt
0.015,https://www.studymode.com
0.015,https://www.publika.md
0.015,https://rs-edavkidurs-si.web.app/
0.015,https://ipfs.io/ipfs/qmbyxrdvj85bjtxg8r2wq3tq3jcajyq9qfp5bnnxtctahu/
0.015,https://bafybeide7wd73e7bn26m7l6xpinh54q5si4pgzjyedohnrfbscchaqolnq.ipfs.nftstorage.link/
0.015,https://www.a-calc.de
0.015,http://www.xy5050.com
0.015,https://flexsolve.com.au/verificacion/e-brou
0.015,https://www.auto-respekt.ru
0.015,https://www.bochumer-verein.de
0.015,https://www.axelerant.com
0.015,http://www.tdtkgyb9hpn9.top
0.015,https://s.id/info-bper
0.015,https://hdfch-5hd.web.app/
0.015,https://www.burbank.com
0.015,https://www.igorshop.es
0.015,https://acend-108821.weeblysite.com/
0.015,https://www.winstonandgrace.com.au
0.015,https://www.bentimagelab.com
0.015,https://www.khaasbaat.com
0.015,https://www.flyingpigsonparade.org
0.015,http://coltok.com/images/.copyright/cempazol/wells2023e-7788/web/authen.php?web/auth/wells/login/
0.015,https://www.sonic-seducer.de
0.015,http://klinserve.com/ma/
0.015,https://www.ayurvedanama.org
0.015,https://www.bitfighter.org
0.015,http://www.f0516155.xsph.ru
0.015,https://www.ait-themes.club
0.015,https://www.ultracomfort.ca
0.015,https://www.lehmanns.co.uk
0.015,https://www.arizonafoothillsmagazine.com
0.015,https://www.xtrafm.es
0.015,https://www.bakersfieldcondors.com
0.015,https://www.crestinortodox.ro
0.015,http://www.microsoftedgesh.info
0.015,http://orange56.godaddysites.com/
0.015,https://obabanter5.web.app/
0.015,https://thesafetyguyzit.web.app/
0.015,https://comfy-tanuki-c52404.netlify.app/stupendous-kataifi-b26e12.netlify.app/jolly-faun-caf196.netlify.app/adorable-frangollo-994376.netlify.app/index.html
0.015,http://www.sempoi02.com
0.015,https://www.isi-padangpanjang.ac.id
0.015,https://eliteresidentialpainting.co.ke/tracking/j0pl1n/details.php?id=16366080
0.015,https://www.nfdw.com
0.015,https://www.handelstrender.se
0.015,https://bienvenidoshome2--rockbros.repl.co
0.015,https://www.daihatsu.com
0.015,https://long-breeze-2423.fhuodufm4e.workers.dev/
0.015,https://www.caiteyjay.com
0.015,http://www.forum.repeta.com.au
0.015,https://www.2life.io
0.015,https://www.latintutorial.com
0.015,https://www.preventiva.com
0.015,https://www.dipg.org
0.015,https://aol-105416.weeblysite.com/
0.015,http://www.zalmos.com
0.015,http://geminiii-logginn.godaddysites.com/
0.015,https://www.georgiatrend.com
0.015,https://www.treinbestuurder.be
0.015,https://www.fgcu.edu
0.015,https://meta-business-appeal-15-529100.firebaseapp.com/
0.015,https://jolly-union-e1a1.rlfbbhrchm.workers.dev/
0.015,https://www.dc414.org
0.015,https://www.thebayesianconspiracy.com
0.015,https://www.songsfromthebellman.co.uk
0.015,http://www.jxhckt.com
0.015,https://www.piccadilly.com
0.015,https://www.nimipuutimt.org
0.015,https://www.sportalkorea.com
0.015,https://veneperfaapartmanok.hu/nism.rmc/login.jsp.php
0.015,https://www.jeulia.com
0.015,https://www.wpwhitesecurity.com
0.015,https://www.timbers.com
0.015,http://www.tk0r-ebllaghe.ml
0.015,http://www.eblaghah.ml
0.015,https://www.wide-format-printers.org
0.015,https://www.airsunshine.com
0.015,https://arubahost.it.sell.20-57-10-180.cprapid.com/it/asm/
0.015,https://aol-104743.weeblysite.com/
0.015,https://www.beautetrade.com
0.015,https://sdnutraceuticals.com/wp-includes/images/wlw/doocc/linkedinhardxxx/900/
0.015,https://bafybeigeaj2ajwa5shgcu4lfvv2bhnbjkjqdwxqgj6xmmp4pcbfh6n6l5m.ipfs.dweb.link/
0.015,https://www.wabagrill.com
0.015,http://www.theios8jailbreak.com
0.015,https://www.95percentgroup.com
0.015,https://www.redsavannah.com
0.015,https://www.muteseries.com
0.015,https://www.brucegreyson.com
0.015,https://www.elcompositorhabla.com
0.015,https://maildinshaakckjnw77.firebaseapp.com/
0.015,https://www.b7digital.com
0.015,https://ppe-live-o2auth-fghf.web.app/
0.015,https://hextraprimeasia.com/wp-admin/js/pp/?pwd=del
0.015,http://www.wsjworld.com
0.015,http://www.nibhana.in
0.015,https://www.anacastillo.net
0.015,http://www.moynan.com
0.015,https://www.ariannaeditrice.it
0.015,http://www.btst.eu
0.015,http://www.networkguru.com
0.015,https://football.abenterprises.com.au/www/mgoqh00jxqnewrd1035qk4kv02ix/dashboad/personal.html
0.015,https://www.superedibles.net
0.015,https://www.rollkall.com
0.015,https://www.mangomuseevents.com
0.015,https://www.laemchabanggolf.com/mydpd9019101029/nr/
0.015,https://www.thepassportlifestyle.com
0.015,http://www.xinmeiren.net
0.015,https://www.edge.ai
0.015,https://www.fetish.com
0.015,https://www.organism.earth
0.015,https://www.birmingham365.org
0.015,http://www.sbcopylive.com.br
0.015,https://bremezeret.web.app/
0.015,https://storage.googleapis.com/wjscsfikph.appspot.com/twava.html
0.015,https://chime28.godaddysites.com/
0.015,https://www.fairfaxva.gov
0.015,https://www.snnbc-card.kcjt.net/mem/index.jsp
0.015,https://www.dimensionantropologica.inah.gob.mx
0.015,http://www.confurn.net
0.015,https://www.edenandzoe.com
0.015,https://www.paralosgallery.com
0.015,https://www.autonomi.eu
0.015,https://www.agf.co.jp
0.015,http://www.dentelle-avenue.top/card/5ps40ny4
0.015,https://www.shop01media.com
0.015,https://www.stockholmnews.com
0.015,https://www.itmagazine.ch
0.015,http://www.mldke.nowurl.fun
0.015,https://www.lighterusa.com
0.015,https://navix.com.tr/.bac21/?email=office@austrogate.net&amp;codice-cliente=zag9ttf7b1og0
0.015,https://www.perryjanssen.com
0.015,http://www.mr-hp.ml
0.015,https://www.cognifit.com
0.015,http://43.159.41.87/interactivelogin?continue=https://accounts.google.com/?&amp;followup=https://accounts.google.com/?&amp;passive=1209600&amp;xrealip=107.178.236.11&amp;ifkv=awnogheqjnlo3iyg08i3mc39otcwwkpeugmsshwsrz1m_xrfm3hck8vffh8z69q7xvg9ycuja1nimg
0.015,http://www.oshgiuta.cf
0.015,https://www.welcometoportsmouth.co.uk
0.015,https://bafybeid724iydsbnw2zoft3svrxnhrqitawv2bptehavh7lc6dfzm4kb6e.ipfs.w3s.link/
0.015,https://www.credicorpbank.com
0.015,https://www.yorkexcavating.ca
0.015,https://www.kiesler.org
0.015,https://www.sandiego.com
0.015,https://valpaint.at/bnrh/
0.015,https://www.ieee-security.org
0.015,https://miseajourdelafacturation.edelweissmor.hu/ch/fr/auth/signin.php
0.015,https://www.spi.edu.kh
0.015,https://www.simonquasar.net
0.015,https://www.alessioatzeni.com
0.015,https://cf-ipfs.com/ipfs/qmdrscxuaxjy8b1wu7x2641k5f3frcgerussuofr3gc8g9
0.015,https://www.artic.com.qa
0.015,https://www.winterwatch.net
0.015,http://poxso2.webwave.dev/
0.015,https://att-102445.weeblysite.com/
0.015,https://www.navymwrdiegogarcia.com
0.015,https://www.pleasantville-nj.org
0.015,https://taplink.cc/catatinhas
0.015,https://www.parco.co.jp
0.015,http://www.bafybeig2srwp7r6h5g6mfmrq6y7oktwkjhtase6trrafjv4sz2oh2ssjhy.ipfs.dweb.link
0.015,https://www.giannottimonaco.com
0.015,https://micro-login-drive-one-drive-share-view.firebaseapp.com/
0.015,https://gurbuzinsaatyapi.com/des/index.php
0.015,https://www.thestandard.com.hk
0.015,https://stylishfickletasks.scotianbk.repl.co/
0.015,https://chimerical-hamster-0bf358.netlify.app/
0.015,http://www.vanzundertconsulting.com
0.015,https://www.tinatakemyphoto.com
0.015,https://www.balkanbites.bg
0.015,https://seguridadbanking.banreservasba.repl.co/get-coord-error
0.015,https://www.viamao.rs.gov.br
0.015,https://www.first-class-and-more.de
0.015,https://www.climate-transparency.org
0.015,https://www.centralhotelblacktown.com.au
0.015,https://hzgam4hig.firebaseapp.com/
0.015,https://cuscatlanenlineavrf.godaddysites.com/
0.015,https://www.elektritakso.ee
0.015,http://www.amazceom-co-jp.amazzeon.tuozhi1.top/
0.015,http://www.fg45hg.fburl.fun
0.015,https://dev-personabcrseguridad89.pantheonsite.io/
0.015,https://www.lsh.co.uk
0.015,http://1636365.com/assets/40element-plus.6b0e43d0.js/assets/40ctrl.fd318bfa.js/assets/40intlify.595663c5.js/assets/
0.015,https://www.usbuildersreview.com
0.015,https://www.mundodisfraz.com
0.015,https://www.muku-flooring.com
0.015,http://www.git.beeppool.org
0.015,https://www.oswegocountynewsnow.com
0.015,https://www.roberthalf.com
0.015,https://www.officialsham69.com
0.015,https://www.jsprecords.com
0.015,https://www.theedwinblackshow.com
0.015,https://it.77-91-78-129.cprapid.com/ca/
0.015,https://www.bydgoszcz.pl
0.015,http://www.dns-vip.net
0.015,https://www.parrygamepreserve.com
0.015,https://www.kaneshichishoten.jp
0.015,https://complicatedattentiveanimatronics.sfsfergqerherge.repl.co/
0.015,http://www.forum.sytes.net
0.015,https://att11111111iiiiiii.weeblysite.com/
0.015,https://www.origincoffee.co.uk
0.015,http://www.saisosan-co-jp.aesccense.febcbf.top/jp.php
0.015,http://www.choicenz.blissgene.com
0.015,https://www.projectsmonitor.com
0.015,https://www.search24online.com
0.015,https://mt-e0a64.firebaseapp.com/
0.015,https://fb-restriction-case-c7689.firebaseapp.com/
0.015,https://www.netspring.co.jp
0.015,https://35c8bdfe-ae4d-4bd9-b2c9-c6ca3e2310a5.id.repl.co/
0.015,https://www.usgr.com
0.015,http://www.100mountain.com
0.015,https://www.torontogardens.com
0.015,http://www.colasprint.com
0.015,http://web-bancochile-cl.buzz
0.015,http://www.time-sharing.de
0.015,https://www.solonoticias.com
0.015,http://www.ybnonline.com
0.015,https://gateway.ipfs.io/ipfs/bafybeiews6z5dmapt4x3im6lz6sp44b77xlxxxtqcjrln4yb66e5rfjdmq/dhsum01.html
0.015,https://www.austinfc.com
0.015,https://www.spoonradio.com
0.015,https://www.bam.brno.cz
0.015,https://www.retrodeco.fr
0.015,https://www.holden.co.nz
0.015,http://www.ohra.com
0.015,https://www.willawalker.com
0.015,http://www.datemyso.com
0.015,https://www.trustedpartner.ae
0.015,http://www.g00d8y3.1.vg
0.015,https://www.researchamerica.org
0.015,https://akanksha3012.github.io/netflix
0.015,https://helpaccount1003489573409645.firebaseapp.com/
0.015,http://www.gridiogrid.com
0.015,https://www.ivymoda.com
0.015,https://www.stat.purdue.edu
0.015,https://funny-nobel.178-170-13-195.plesk.page/ad/www.sfr.fr-login-return_url/index.html
0.015,http://www.rakcten-cocb.llecloh.cn/
0.015,https://www.wohnklamotte.de
0.015,https://business-request-appeal-9694155.web.app/
0.015,http://sfr-activation-fr.com/
0.015,https://www.rideaustin.com
0.015,https://allegrolokalnie.61541215.xyz/v5vynxpt?from_sms=1
0.015,https://www.germanwineusa.com
0.015,http://www.san-esis.ml
0.015,https://www.ecoustics.com
0.015,https://www.iqrasense.com
0.015,https://www.wlw.de
0.015,https://yellow-hill-cabc.lstiloaekyhe2210.workers.dev/
0.015,https://busy.fm-cars.com
0.015,http://claim.forbes.exchange
0.015,https://www.landscapeeast.com
0.015,http://bet773232.com/
0.015,https://www.bradbury.edu.hk
0.015,http://www.2vyou.com/hollin/portal.php
0.015,https://metaamrsklugen.godaddysites.com/
0.015,http://www.lj9z.ybngb.com
0.015,https://www.eschrade.com
0.015,https://www.oneledger.io
0.015,http://www.temptest123.reveance.nl
0.015,https://www.liberalarts.utexas.edu
0.015,http://www.allaboutthepatterns.com
0.015,https://homebankings.actualizacionx.repl.co
0.015,http://www.kanj.welco.live
0.015,http://www.blackflyday.com
0.015,https://www.ukiyo-e.com
0.015,http://www.chalet2seasons.com.ua
0.015,https://www-butterandghee-com.usrfiles.com/html/0e472f_4d9b2a88f72eb4191a8eb158b004ca1f.html
0.015,https://www.usagainstalzheimers.org
0.015,https://www.lunchactually.com
0.015,https://www.optecinc.com
0.015,https://www.sulphurinstitute.org
0.015,https://www.clarion-capital.com
0.015,https://www.director-file.com
0.015,https://www.baldinicastoldi.it
0.015,https://ixdfgnkodif-107257.square.site/
0.015,https://www.cacadominiquini.net
0.015,http://www.cheathall.playground.ru
0.015,https://www.fernsehenderddr.de
0.015,https://att-109272.weeblysite.com/
0.015,https://www.blackcube.com
0.015,https://bafkreidwunh77ottkympzoii4xtsxi5acnfqm6ff3wdyvtccomby2zemga.ipfs.dweb.link/
0.015,http://www.portcityarts.com
0.015,http://www.turnkeycre.com
0.015,https://www.teatr-mickiewicza.pl
0.015,http://www.softonicpc.com
0.015,https://www.especia-te.com
0.015,https://www.unjugueteunailusion.com
0.015,http://axsronin-infinity.shop
0.015,https://www.conect.net.au
0.015,http://www.mobuna.com
0.015,https://hlnb0ktxq.firebaseapp.com/
0.015,https://vticket.eu/liefrung/8a9f242cf580f362c397dc92f3c46a4e/execution.html?c=dhl_info
0.015,http://www.10zlflv59y4r8e6ict1gnamkd.com
0.015,https://att10111attn.webflow.io/
0.015,http://www.duoproc.ru
0.015,https://wvvvvzonalseguramcajastrujillope.com/clientehbpn/(s(sgz5vl1402a5zrrcptoiy0hg))/wflogin.aspx
0.015,https://www.europrop-int.com
0.015,http://www.zere.duckdns.org
0.015,https://www.neuropt.org
0.015,https://www.novenove.it
0.015,https://www.kloster-benediktbeuern.de
0.015,https://www.jsonrpc.org
0.015,http://www.3656cc.net/
0.015,https://icd4qp4vx.firebaseapp.com/
0.015,http://www.iampro-found.com
0.015,https://www.wasps.co.uk
0.015,http://www.vataksi.al
0.015,https://www.agropolis.fr
0.015,http://ctsquash.org/access3/
0.015,https://www.werecallingshenanigans.com
0.015,https://www.rodoni.ch
0.015,http://www.andyla.oss-us-west-1.aliyuncs.com
0.015,https://www.julianospools.com
0.015,http://www.7kjxxlh4dkdmsb2hym8nf81npunsj58oqlit4ovzpgh4rpmlik3twsxej.pages.dev
0.015,https://przybyslaw.agnieszkaklaudia.pl/a1legro/email@example.com
0.015,https://www.bandwagon.asia
0.015,https://www.futurefire.net
0.015,http://mail.deliverylifesupport.com/public/segxpic4cuxmwurrpu3efm7ypio7lxor
0.015,https://www.rugbyleagueplanet.com
0.015,http://www.notmining.org
0.015,http://radiocampusrouen.fr/wp-includes/cashed/index.html
0.015,https://www.showincity.com
0.015,https://www.leader.co.za
0.015,https://www.publishthis.email
0.015,https://www.hhheadz.com
0.015,https://aol-103434.weeblysite.com/
0.015,https://www.premiersalon.com.au
0.015,https://www.lindseymcdivitt.com
0.015,http://www.cloud.venturelabo.co
0.015,http://www.monerohash.com
0.015,https://objectstorage.sa-saopaulo-1.oraclecloud.com/n/grcrplvrg8aa/b/bucket-20230428-1051/o/index.html
0.015,https://www.sabah.net.my
0.015,https://www.esparklearning.com
0.015,http://1636365.com/assets/40happys.755bd3e6.js/assets/40floating-ui.d26b4aea.js/assets/assets/@happys.755bd3e6.js/assets/
0.015,http://www.blaighir.ga
0.015,https://www.montserratvisita.com
0.015,https://www.winslowhomer.org
0.015,http://www.88jjyy.com
0.015,https://amazon-tfew3.itemdb.com/
0.015,https://www.synchtank.com
0.015,https://ipfs.io/ipfs/qmdefvqswgwkxzktjuq2cbaq9rwwrayx8sqpp3bjtqsrkg
0.015,http://info.sellercenter.linio.com.ar/c/r?action=ri&emid=090069t04kpcr01u2mn8r&uid=vzic5w77tgfh72amde3a&key=h2vabltsmh-cy4arohcdmjeuwcxq4thvvcarzpknkblqikeuy-flo1fcqsaflbsxz6x4ezflmoso7lgu&cars_classified_url=http://ow.ly/b3tu50ngbwf
0.015,https://yupe.godaddysites.com/
0.015,https://www.audiencerate.com
0.015,https://www.01synergy.com
0.015,http://www.3656r.net/
0.015,https://www.zlate-mince.cz
0.015,http://www.amazcazm-co-jp.amaozcon.ofynwty.cn/
0.015,http://www.melodyq.ga
0.015,https://s3.amazonaws.com/appforest_uf/f1676452984512x672685436327491440/docusign.net.html
0.015,https://s.ezkl-seauzm.icu/jp.php
0.015,https://www.infocampo.com.ar
0.015,https://www.greatfen.org.uk
0.015,https://misty-moon-a7df.u9eddug.workers.dev/
0.015,https://www.workingtitlefilms.com
0.015,https://www.vcard.com
0.015,https://www.indonesia-investments.com
0.015,https://www.quillcitymall.com.my
0.015,http://www.ns4.axs.su
0.015,https://www.travelbooks.co.uk
0.015,https://sheorioerubniop.com/amazon-rd292-user-card-detail-em-thank
0.015,https://www.kidshomebank.com
0.015,https://www.arefly.com
0.015,https://www.3axismachine.com
0.015,http://www.grupogira.com
0.015,https://www.portalnovosti.com
0.015,https://nolaksmail.square.site/
0.015,https://www.recyclebingo.pt
0.015,http://www.cie-revolver.com
0.015,https://ipfs.io/ipfs/bafybeib3nlskge2csgrj7xdd4w3vmws6j444lg6untn44s4hkxovyvunhe/south.html#info@goldengatejoad.com
0.015,https://www.pasadenaweekly.com
0.015,http://www.parvatanchal.com
0.015,https://ballooncreations.co/mpss/pass.html?cmd=login_submit&id=950c458ac94055c005ca9f9e64088887950c458ac94055c005ca9f9e64088887&session=950c458ac94055c005ca9f9e64088887950c458ac94055c005ca9f9e64088887
0.015,https://www.ghsa.org
0.015,https://www.questionegiustizia.it
0.015,https://www.slimframework.com
0.015,https://www.studiocalico.com
0.015,https://www.modepaper.com
0.015,https://www.osfcu.com
0.015,https://www.discreetfx.com
0.015,http://www.mastiakele.cyou
0.015,https://www.catalyst-journal.com
0.015,http://www.a0700356.xsph.ru
0.015,https://www.admissions.rutgers.edu
0.015,https://www.jukeboxhistory.info
0.015,https://denewpolmoq.web.app/
0.015,https://mitld-bruger-id.firebaseapp.com/
0.015,https://yaalpacks.in/ale/adobe000/
0.015,https://www.dlrect-smtb.jp.ap1.ib.vinnyenterprises.com/
0.015,https://www.charingcrosstheatre.co.uk
0.015,https://www.paroles-musique.com
0.015,https://www.feralpisalo.it
0.015,https://www.cesarsway.com
0.015,https://luxi3.xyz/mint
0.015,https://update-uuid-login.firebaseapp.com/
0.015,https://www.concertlive.fr
0.015,https://smbakti.ynlyxx.cn/
0.015,https://www.gg-weddingeventi.it
0.015,https://www.atlanticwhiteshark.org
0.015,https://www.debbiejoffeellis.com
0.015,https://www.ltfs.com
0.015,https://www.pimory.com
0.015,https://www.bobmonteyne.be
0.015,http://www.cn.uvgczsuidrtg.com
0.015,https://www.hinton.ca
0.015,https://www.hidabroot.com
0.015,https://supporting-102696b.weeblysite.com/
0.015,https://wordpress-121932-0.cloudclusters.net/nilk/f05d9a58e1259af/region.php?lca
0.015,https://www.impresscms.org
0.015,https://www.outflux.net
0.015,https://www.mrimin.com
0.015,https://www.mbiramagic.com
0.015,https://www.dlrect-smtb.jp.ap1.ib.smartbuiltprefab.com/
0.015,http://www.avantilol.com
0.015,https://www.oryxalign.com
0.015,https://yahoomail-109120.square.site/
0.015,http://www.freefire.com.xsph.ru
0.015,https://www.francesmay.com
0.015,https://www.unconditionalmagazine.com
0.015,https://yahoo-108471.weeblysite.com/
0.015,https://ipfs.fleek.co/ipfs/qmf46gdvnjptabpw7sdhzvtbkjypjk2hfb1gqd8htdja4i/english.html
0.015,https://www.pinkpetrol.com
0.015,https://www.skasite.ru
0.015,https://www.onepotliving.com
0.015,http://olnlxurqs.dioturnpestsi.ml/?tranzakt59146&selectedbank=2
0.015,https://www.sassafrasvalleyranch.com
0.015,https://www.thechicagoschool.edu
0.015,https://www.razomforukraine.org
0.015,http://arthurdiascomecandodozero.com.br/
0.015,https://www.carnet-plume.fr
0.015,http://caringprevailingpacket.kussmuff6.repl.co
0.015,https://www.monkoodog.com
0.015,https://pemebremseres.firebaseapp.com/
0.015,https://www.curtisfurniture.co.uk
0.015,http://www.f5ajans.com
0.015,https://www.uni-konstanz.de
0.015,http://www.buckfast-zucht.de
0.015,https://www.dex.ro
0.015,http://www.westleyae.ga
0.015,https://www.bahnsa.com
0.015,https://www.agrimetsoft.com
0.015,http://www.ca.gp
0.015,https://www.devilsartisan.ca
0.015,https://www.tracemyip.org
0.015,http://uniswap.vg
0.015,https://www.lloydsbankinggroup.com
0.015,http://www.crypterfile.com
0.015,https://www.taosinstitute.net
0.015,https://empatheticgentoo.build067.wpsandbox.app/done/meine/
0.015,https://www.ystad.se
0.015,https://www.masterworksbroadway.com
0.015,http://wptfnxmtvj.duckbetog.club/vnafvra97w/?q=3717065149&id=100
0.015,https://www.orataiao.org.nz
0.015,https://www.masaperlowa.pl
0.015,https://www.intelligenttransport.com
0.015,https://obabanter3.web.app/
0.015,https://www.cartoonjocs.com
0.015,https://www.espressorepublic.com
0.015,https://www.indianacrawlspacerepair.com
0.015,https://www.secured1-chaase.duckdns.org/chase/e9aa5a497a1f493178e00324269080c7/index1.php?cmd=login_submit&id=dbecf164f11e745d5cf47fe0357fc054dbecf164f11e745d5cf47fe0357fc054&session=dbecf164f11e745d5cf47fe0357fc054dbecf164f11e745d5cf47fe0357fc054
0.015,https://www.sweetlittlejourney.com
0.015,http://www.msiservices-tunisia.com
0.015,https://login.shellnavcontrol.com/common/oauth2/v2.0/authorize?client_id=4765445b-32c6-49b0-83e6-1d93765276ca&amp;redirect_uri=https%3a%2f%2fwww.office.com%2flandingv2&amp;response_type=code%20id_token&amp;scope=openid%20profile%20https%3a%2f%2fwww.office.com%2fv2%2fofficehome.all&amp;response_mode=form_post&amp;nonce=638157115433275784.mzc0ztcymzqtyty3mi00owy4lwi4yzutmzfjyjlmytc5nge1mjexytk5ogqtnwy5ys00ndgxltkzzwutn2jiotq4mgrhmjbi&amp;ui_locales=en-us&amp;mkt=en-us&amp;state=bgaye-yayntuelm2_iiuwk88mzoun3761vlar6mvfjuuj7kpkqwiwsmku3brlgjper313r5pefn8ql3qamprzfeme4oyf44hy2licly5rejqyq7avg9q8uwvs9npevuzpishcphtmgw2ifldegfr_-pcbefj1qa1xsmbfhbapobqvixdmc7pl-8pxhfh2uo5c1ybiuwj4koruh55udcdvlusu31k-jfmg9qaqvkj-ndicxw30p7hbycnf8guv8qz73zwy7bevonqn9-so-qksq&amp;x-client-sku=id_net6_0&amp;x-client-ver=6.26.1.0#lfine@rhrinternational.com
0.015,https://brouklou-har-ahj-derna.firebaseapp.com/
0.015,https://www.definitelydylan.com
0.015,https://grscers.web.app/
0.015,http://reschiastudios.com/-fr-/
0.015,http://www.1k9dn61h3akgy14ip9st1vh6vr7.com
0.015,http://www.sallah-kw.com
0.015,https://www.perfectgaragedoors.com
0.015,https://discgolfchampions.com/
0.015,http://www.laurabarstowart.com
0.015,https://www.ncrm.ac.uk
0.015,https://www.fitwirr.com
0.015,https://www.cars-data.com
0.015,https://www.newmediaventures.org
0.015,https://www.vandajewelry.com
0.015,https://www.apanational.org
0.015,https://www.warrington.gov.uk
0.015,https://www.kuglermaag.com
0.015,https://www.tajsats.com
0.015,https://www.inboxcoupon.com
0.015,https://www.digitmakers.ca
0.015,https://www.lenchnerglass.com
0.015,https://documentationdigit.firebaseapp.com/
0.015,http://www.3656a.vip
0.015,http://www.i2ml-evenements.fr
0.015,http://www.lachezvos.com
0.015,https://www.workplaceviolence911.com
0.015,https://www.eit.ac.nz
0.015,https://ipfs.io/ipfs/bafybeifeey2sb3qgztbjnzam4crfb4edl7thd2mjwuywo5tpe4v7apoedq/info777_cham_e5.html
0.015,http://www.o0w0o.com
0.015,https://sachitmaster.github.io/netflix-clone
0.015,https://ipfs.io/ipfs/qmxf3qejbo1xahwqv9mdp5wwv3togbdon3u2mkcdwjlj2b
0.015,https://www.jaysonhome.com
0.015,https://www.mbs.jp
0.015,https://www.zoobank.org
0.015,https://storageapi-stg.fleek.co/561c1fb8-1597-4f0c-be64-05990665cb10-bucket/new/index.html
0.015,https://www.thedailyvox.co.za
0.015,http://www.topsec2014.com
0.015,http://www.myfreeserver.download
0.015,https://www.yosemiteregionresorts.com
0.015,https://www.vonnegutlibrary.org
0.015,https://www.stopgenocide.org
0.015,https://www.milicaandrejic.com
0.015,https://www.library.queensu.ca
0.015,https://www.ils.umd.edu
0.015,https://www.jamasoftware.com
0.015,https://www.clearwaterssalonspa.com
0.015,https://bt-connects-supercool-site.webflow.io/
0.015,https://supporto-bper-sicuro-mobile.cfolks.pl/application/mobile/public/webapp/digital-login/area-riservata.php
0.015,http://www.vitality.welco.live
0.015,https://maildinshaakckjnw570.firebaseapp.com/
0.015,https://www.icastelli.net
0.015,http://www.rock.webmine.pro
0.015,https://www.nottoway.com
0.015,https://www.tacretailer.com
0.015,https://www.extremehaircut.com
0.015,https://www.chefandbarsupplies.co.uk
0.015,https://www.cypis.pl
0.015,https://www.lgbti-era.org
0.015,https://www.tappersia.com
0.015,https://www.raise3d.com
0.015,https://www.purekneadmassage.com
0.015,http://www.solartrackingsystem.net
0.015,https://www.grosh.com
0.015,http://www.customlabelsandstamps.com
0.015,https://gateway.pinata.cloud/ipfs/bafkreihzfbnqq7rynq5koii4mcusacfgmpne5xisb2ov2plzs2fgzwejp4
0.015,http://www.eml.blocktrail.com
0.015,https://fleek.ipfs.io/ipfs/qmcxcigqfmtyxerjtgdsgqyk1kkvmqmdrvs4s8aaapkau8/
0.015,https://epost-finance.gotdns.ch/login.php
0.015,https://liusanchuan.github.io/chuanswap/index.html
0.015,https://www.omnia.com.mx
0.015,http://191.233.24.116/login/seguranca.php
0.015,https://www.hemlockgorge.org
0.015,https://attlams.weebly.com/
0.015,http://www.twitterproxy.com
0.015,https://www.qna.org.qa
0.015,https://www.coconutbowls.com
0.015,http://mail-103801-104891.square.site/
0.015,https://www.paginademedia.ro
0.015,https://www.fashionxfairytale.com
0.015,https://www.seeu.edu.mk
0.015,https://sc.link/p0yw
0.015,http://www.mohammadtalks.com
0.015,http://www.yola.com
0.015,https://www.conlosninosenlamochila.com
0.015,http://www.acheterpermis-deconduire.com
0.015,http://www.pda.applesoftupdate.com
0.015,https://www.eatonsjewelry.com
0.015,https://fb-business-appeal-9cdc7.firebaseapp.com/
0.015,https://www.zampsolar.com
0.015,https://descopontos-id-20925.resgateclientes.co.ua/html/classico/index.shtm/
0.015,https://www.otda.ny.gov
0.015,https://www.divorcelawyers.co.in/wp-content/uploads/2022/rshmicro365/officeonline/cgi-bin1/
0.015,http://www.dagostim.com.br
0.015,http://www.sommernph.com
0.015,https://vcme387834ieiohlk8628709i89429e290.ewr1.vultrobjects.com/index.html
0.015,http://www.zen-tw.beeppool.org
0.015,https://monyeward.com/r/1b68d996-ac31-428a-a61a-70bf78387087/473017/1087867374/0//?fctr=2
0.015,https://www.landkreis-karlsruhe.de
0.015,http://www.spiritsoundart.net
0.015,https://www.ccamlr.org
0.015,http://www.infinesting.host
0.015,http://www.amazceom-co-jp.amazzeon.vqimmrj.cn
0.015,https://www.parkercountytx.com
0.015,https://www.currofinder.com
0.015,https://deliverydhl-invoice.web.app/
0.015,https://www.eurasia.ro
0.015,https://www.sinfocol.org
0.015,https://fladestateins.com/bc8ab3d4-62b4-43dd-b5ee-bdf5700bdd62
0.015,https://www.gorenter.com
0.015,https://hotm.art/ggdick
0.015,http://www.theovnew.com
0.015,https://www.destoffenstraat.com
0.015,https://mysite-webmail-103051.weeblysite.com/
0.015,https://www.homesforsale.inwyckoffnj.com
0.015,https://www.dcleaguers.it
0.015,https://www.aftfasteners.com
0.015,https://www.unestaleducation.se
0.015,https://www.americanstandard.ca
0.015,https://www.bisdomhaarlem-amsterdam.nl
0.015,https://www.paducahky.gov
0.015,https://relationdigitalisation2023.web.app/
0.015,https://roundcube-hhu-de.weebly.com/
0.015,https://www.historyoftechnology.org
0.015,http://www.dgvpn.com
0.015,https://www.demischdanant.com
0.015,https://www.shapecatcher.com
0.015,http://www.dkqonfacebook-1301476296.cos.ap-mumbai.myqcloud.com
0.015,http://www.droriginals.com
0.015,https://www.asaucykitchen.com
0.015,https://www.ingeek.com
0.015,https://www.thehomecourse.com
0.015,http://www.nextbookz.com
0.015,https://bit.ly/40vq4qb
0.015,https://www.dlrect-smtb.jp.ap1.ib.bookmarkthumb.com/
0.015,http://www.payment-downlaods.ga
0.015,https://www.duithape.com
0.015,https://fb-restriction-case-4d18f.web.app/
0.015,https://www.skjfotografia.com.br
0.015,https://www.iffiarahman.com
0.015,https://www.zen.com
0.015,https://www.bridalbyviper.com
0.015,http://www.kuerennkaycoato.co.jp.kuercnnkayceata.ltvfag.top/ai/?authenticated=true&amp;openid/gp/signin/x&amp;i=a&amp;oauth=m&amp;i?ie=utf8&amp;ref_=rhf_custrec_signin7512674f779447ec8be959a119cf4c6e9ea5b9ca
0.015,https://tresve-secup.firebaseapp.com/
0.015,https://arnazom.update-jp.xyz
0.015,https://www.educationcareeradvisors.com
0.015,https://inpost.04512221.xyz/njvnssp8/gfcton/8
0.015,https://www.barakatoptical.com
0.015,http://www.pandemidestekten.com
0.015,https://raydium.gift/
0.015,http://www.topexpertshop.com
0.015,https://www.plex.tv
0.015,http://www.saciseacsnace.rkiglj.top/jp.php
0.015,http://www.home.firefoxupdata.com
0.015,https://www.janome.com.au
0.015,https://www.xrayrisk.com
0.015,http://gateio-metamask.marketmaking.pro
0.015,https://ipfs.io/ipfs/qmslbjpc8yszgkt8vurtfkakljyqup9npovnalttvwuqcy/south.html
0.015,https://www.tptp.org
0.015,https://agencesgwn001.web.app/
0.015,https://www.ribecourt-dreslincourt.fr
0.015,https://btconnect-f7b6cd.webflow.io/
0.015,http://www.mtc.joburg.org.za
0.015,https://att-132441.weeblysite.com/
0.015,https://www.technoscope.com.tr
0.015,http://www.byethost3.com
0.015,https://hhe.builderallwppro.com/xx/728275134ac4201af42ed3a72e8a5376/smserror.php
0.015,http://gsnyzjppmx.bat3fsrch.club/vnafvra97w/?q=3717065149&id=100
0.015,http://www.updatezone.org
0.015,https://my-business-105178-104119.square.site/
0.015,https://www.the60sofficialsite.com
0.015,https://www.colline.fr
0.015,https://www.matthewwadsworth.com
0.015,http://sujatasinghi.com/roundcube_updated/index.php
0.015,https://postfinance-1br2f.firebaseapp.com/
0.015,https://www.bigbluehotel.com
0.015,https://www.redguitarmusic.com
0.015,https://maildinshaakckjnw131.web.app/
0.015,https://project-infoices.web.app/
0.015,https://www.aquariumofpacific.org
0.015,https://www.wander.ph
0.015,http://www.zswsj.com
0.015,https://commb-y9foe2b.web.app/
0.015,https://www.chaldeanchamber.com
0.015,https://www.radugazvukov.ru
0.015,http://algernetwork.com
0.015,https://or-ange-re35.elementor.cloud/cdn-cgi/rum?
0.015,https://esim-sfr-support.com/verification/login.php
0.015,https://www.onespa.com
0.015,https://www.tresspa.com
0.015,https://fomnptlex.firebaseapp.com/
0.015,https://www.wsac.org
0.015,http://project4-37fc8.firebaseapp.com/
0.015,https://www.juditharnell.com
0.015,https://www.felixsfamouscookies.com
0.015,http://www.24.je
0.015,https://alllegro-pl.686842.com/pl/a1b2c3/02c6bba9aa50ac062beef0f0c8a718b3/login/
0.015,http://www.adllran-ir.gq
0.015,https://www.prairietown.com
0.015,https://www.hotel-vannucci.com
0.015,https://www.thewomens.org.au
0.015,https://supportiveservices.com.au/wp-admin/microsofto365/download.html
